epoch, iters, G_GAN, G_L1, D_real, D_fake
1, 100, 1.381, 18.721, 0.806, 0.309
1, 200, 2.388, 21.278, 0.13, 0.26
1, 300, 1.963, 20.221, 0.538, 0.396
1, 400, 2.948, 22.235, 0.057, 0.114
1, 500, 2.327, 19.966, 0.144, 0.343
1, 600, 2.005, 19.528, 0.235, 0.266
1, 700, 2.345, 23.447, 0.02, 0.408
1, 800, 2.093, 19.821, 2.884, 0.093
1, 900, 0.921, 19.578, 0.751, 0.696
1, 1000, 1.464, 12.843, 0.389, 0.361
1, 1100, 1.173, 17.114, 0.471, 0.141
1, 1200, 2.183, 18.525, 0.059, 0.146
1, 1300, 1.544, 15.849, 0.467, 0.302
1, 1400, 0.972, 11.624, 0.898, 0.143
1, 1500, 1.572, 22.478, 0.662, 0.42
1, 1600, 2.635, 20.956, 0.039, 0.221
1, 1700, 1.835, 23.647, 0.036, 1.023
1, 1800, 0.682, 16.884, 1.482, 1.102
1, 1900, 2.575, 33.681, 0.024, 0.204
1, 2000, 0.542, 16.757, 1.36, 0.403
1, 2100, 1.933, 25.772, 0.002, 0.598
1, 2200, 0.683, 21.122, 1.365, 0.57
1, 2300, 1.362, 26.868, 0.003, 0.598
1, 2400, 2.665, 25.022, 0.167, 0.107
1, 2500, 1.156, 18.446, 0.342, 0.708
1, 2600, 3.563, 21.668, 0.086, 0.081
1, 2700, 2.759, 23.946, 0.024, 0.63
1, 2800, 2.228, 28.951, 0.002, 0.387
1, 2900, 1.478, 27.638, 0.16, 0.493
2, 25, 1.221, 20.196, 1.462, 0.233
2, 125, 1.596, 33.8, 0.001, 0.738
2, 225, 1.407, 18.025, 0.275, 0.277
2, 325, 1.989, 25.489, 0.017, 0.361
2, 425, 1.944, 20.402, 0.013, 0.265
2, 525, 2.236, 21.28, 0.125, 0.247
2, 625, 2.265, 23.584, 0.186, 0.276
2, 725, 1.57, 26.51, 0.026, 0.497
2, 825, 1.35, 20.315, 0.636, 0.178
2, 925, 0.744, 18.326, 0.988, 0.389
2, 1025, 1.251, 12.407, 0.898, 0.392
2, 1125, 2.582, 21.884, 0.01, 0.196
2, 1225, 0.971, 17.125, 0.547, 0.195
2, 1325, 1.907, 33.954, 0.005, 0.869
2, 1425, 1.102, 15.669, 0.545, 0.267
2, 1525, 3.069, 24.335, 0.005, 0.057
2, 1625, 0.553, 14.306, 0.958, 0.619
2, 1725, 0.882, 16.341, 1.776, 0.527
2, 1825, 1.175, 17.342, 0.239, 0.362
2, 1925, 2.75, 18.851, 0.157, 0.14
2, 2025, 1.256, 16.262, 1.312, 0.169
2, 2125, 1.779, 19.304, 0.091, 0.233
2, 2225, 1.123, 23.412, 0.202, 0.315
2, 2325, 2.518, 16.487, 0.557, 0.08
2, 2425, 2.418, 17.54, 0.019, 0.18
2, 2525, 1.495, 22.484, 0.396, 0.624
2, 2625, 2.341, 23.912, 0.001, 0.124
2, 2725, 1.587, 17.775, 0.046, 0.282
2, 2825, 2.655, 50.437, 0.0, 0.257
2, 2925, 2.364, 25.461, 0.003, 0.169
3, 50, 1.952, 19.823, 0.59, 0.137
3, 150, 1.199, 17.86, 0.032, 1.389
3, 250, 1.581, 14.399, 0.184, 0.382
3, 350, 2.59, 25.564, 0.002, 0.111
3, 450, 1.115, 23.957, 0.036, 0.776
3, 550, 2.206, 30.953, 0.0, 0.171
3, 650, 2.093, 21.097, 0.532, 0.168
3, 750, 1.695, 14.117, 1.659, 0.089
3, 850, 1.907, 16.693, 0.362, 0.189
3, 950, 1.689, 15.448, 2.281, 0.044
3, 1050, 2.617, 27.197, 0.0, 0.145
3, 1150, 3.262, 24.703, 0.0, 0.101
3, 1250, 2.848, 32.441, 0.0, 0.133
3, 1350, 1.784, 15.602, 0.173, 0.256
3, 1450, 1.65, 23.202, 0.737, 0.177
3, 1550, 1.778, 18.713, 0.008, 0.685
3, 1650, 1.093, 14.688, 3.008, 0.278
3, 1750, 2.038, 27.759, 0.005, 0.281
3, 1850, 2.159, 47.221, 0.0, 0.419
3, 1950, 2.634, 32.178, 0.0, 0.135
3, 2050, 1.831, 20.836, 0.055, 0.378
3, 2150, 2.584, 20.186, 0.704, 0.057
3, 2250, 1.825, 19.059, 2.364, 0.065
3, 2350, 1.898, 29.698, 0.0, 0.276
3, 2450, 1.662, 13.2, 0.666, 0.097
3, 2550, 2.779, 27.006, 0.009, 0.195
3, 2650, 2.163, 15.592, 1.022, 0.094
3, 2750, 1.012, 14.746, 2.143, 0.349
3, 2850, 0.902, 24.582, 0.002, 1.569
3, 2950, 2.002, 17.307, 1.661, 0.04
4, 75, 1.702, 20.241, 0.004, 0.228
4, 175, 1.712, 18.077, 0.512, 0.203
4, 275, 2.626, 20.109, 0.005, 0.534
4, 375, 1.863, 21.326, 0.333, 0.167
4, 475, 2.483, 22.016, 0.028, 0.352
4, 575, 1.566, 20.529, 1.279, 0.183
4, 675, 0.829, 15.43, 1.146, 0.302
4, 775, 0.985, 15.061, 0.418, 0.627
4, 875, 1.863, 12.905, 0.394, 0.159
4, 975, 1.454, 20.324, 1.677, 0.1
4, 1075, 2.035, 26.114, 0.009, 0.148
4, 1175, 2.338, 18.966, 0.003, 0.51
4, 1275, 1.009, 17.102, 0.497, 0.207
4, 1375, 0.943, 15.933, 2.718, 0.268
4, 1475, 2.025, 26.968, 0.003, 0.275
4, 1575, 0.968, 11.028, 2.571, 0.098
4, 1675, 1.078, 24.398, 1.696, 0.438
4, 1775, 1.529, 22.188, 0.068, 0.765
4, 1875, 3.228, 23.203, 0.15, 0.048
4, 1975, 1.796, 21.423, 0.174, 0.356
4, 2075, 2.107, 27.193, 0.011, 0.655
4, 2175, 1.897, 18.08, 0.212, 0.384
4, 2275, 2.347, 16.417, 0.39, 0.058
4, 2375, 1.088, 23.839, 0.124, 0.635
4, 2475, 2.114, 25.041, 0.01, 0.22
4, 2575, 1.939, 16.584, 0.692, 0.099
4, 2675, 1.663, 19.142, 0.477, 0.249
4, 2775, 0.494, 17.296, 1.611, 0.157
4, 2875, 1.389, 17.049, 0.976, 0.132
4, 2975, 2.092, 19.405, 0.025, 0.318
5, 100, 1.478, 14.485, 0.677, 0.143
5, 200, 1.298, 13.608, 0.069, 0.681
5, 300, 1.738, 26.63, 0.0, 0.883
5, 400, 2.358, 26.589, 0.0, 0.138
5, 500, 2.786, 39.307, 0.0, 0.146
5, 600, 1.928, 16.563, 0.276, 0.228
5, 700, 2.153, 18.111, 0.004, 0.876
5, 800, 1.47, 16.232, 0.215, 0.226
5, 900, 1.31, 18.594, 0.15, 0.388
5, 1000, 2.419, 26.256, 0.0, 0.163
5, 1100, 1.503, 23.594, 0.06, 0.419
5, 1200, 2.421, 21.575, 0.162, 0.136
5, 1300, 1.322, 22.85, 2.695, 0.173
5, 1400, 2.23, 24.323, 0.012, 0.427
5, 1500, 1.904, 23.37, 0.01, 0.279
5, 1600, 2.505, 24.07, 0.013, 0.173
5, 1700, 2.129, 29.509, 0.0, 0.169
5, 1800, 2.397, 20.629, 0.041, 0.077
5, 1900, 1.251, 14.583, 0.348, 0.661
5, 2000, 1.364, 19.745, 0.283, 0.359
5, 2100, 1.977, 27.245, 0.011, 0.228
5, 2200, 2.007, 25.04, 0.142, 0.284
5, 2300, 2.088, 19.231, 0.299, 0.156
5, 2400, 2.259, 24.751, 0.0, 0.245
5, 2500, 2.576, 17.829, 0.312, 0.077
5, 2600, 1.706, 16.422, 0.061, 0.321
5, 2700, 2.867, 24.302, 0.041, 0.082
5, 2800, 2.095, 26.775, 0.266, 0.074
5, 2900, 1.109, 25.022, 0.574, 1.448
6, 25, 1.811, 23.008, 0.16, 0.141
6, 125, 2.787, 18.287, 0.487, 0.058
6, 225, 1.316, 14.715, 0.858, 0.188
6, 325, 2.429, 21.229, 0.402, 0.095
6, 425, 2.034, 25.699, 0.002, 0.244
6, 525, 1.769, 20.923, 0.605, 0.242
6, 625, 1.646, 31.581, 0.0, 0.388
6, 725, 1.012, 15.784, 2.257, 0.286
6, 825, 2.591, 25.902, 0.027, 0.121
6, 925, 2.029, 17.592, 0.219, 0.142
6, 1025, 1.658, 14.969, 0.444, 0.453
6, 1125, 1.564, 19.149, 0.296, 0.462
6, 1225, 2.658, 14.658, 2.991, 0.038
6, 1325, 2.535, 22.73, 0.037, 0.149
6, 1425, 0.603, 13.206, 1.155, 1.08
6, 1525, 1.399, 22.358, 0.157, 0.555
6, 1625, 1.118, 15.144, 0.517, 0.286
6, 1725, 1.58, 26.23, 0.001, 0.236
6, 1825, 1.8, 51.638, 0.0, 0.596
6, 1925, 1.458, 18.103, 1.576, 0.172
6, 2025, 2.149, 15.072, 1.186, 0.057
6, 2125, 1.505, 18.232, 0.308, 0.732
6, 2225, 1.448, 21.775, 0.31, 0.393
6, 2325, 2.533, 19.151, 0.144, 0.1
6, 2425, 0.784, 14.9, 0.831, 0.213
6, 2525, 1.682, 33.559, 0.0, 0.492
6, 2625, 1.924, 25.509, 0.0, 0.661
6, 2725, 2.351, 16.491, 0.081, 0.245
6, 2825, 1.979, 27.309, 0.0, 0.252
6, 2925, 1.237, 23.127, 0.011, 1.671
7, 50, 1.625, 13.529, 1.51, 0.14
7, 150, 2.235, 24.85, 0.022, 0.221
7, 250, 1.315, 14.961, 0.439, 0.126
7, 350, 1.293, 21.825, 0.008, 0.786
7, 450, 2.134, 25.642, 0.015, 0.201
7, 550, 1.818, 21.306, 0.002, 0.415
7, 650, 0.808, 13.535, 1.811, 0.307
7, 750, 1.414, 14.0, 1.374, 0.187
7, 850, 2.256, 22.399, 0.701, 0.065
7, 950, 0.869, 11.123, 0.109, 2.263
7, 1050, 1.677, 18.675, 0.711, 0.184
7, 1150, 2.346, 13.687, 0.855, 0.049
7, 1250, 1.695, 24.685, 0.003, 0.429
7, 1350, 2.228, 16.344, 0.065, 0.197
7, 1450, 1.546, 16.326, 0.211, 0.56
7, 1550, 2.185, 24.023, 0.017, 0.246
7, 1650, 2.083, 30.115, 0.002, 0.201
7, 1750, 2.018, 21.493, 0.0, 0.36
7, 1850, 2.539, 30.921, 0.0, 0.493
7, 1950, 2.485, 18.259, 0.024, 0.124
7, 2050, 2.052, 26.622, 0.013, 0.373
7, 2150, 1.754, 23.884, 0.798, 0.266
7, 2250, 2.081, 21.685, 0.149, 0.194
7, 2350, 1.167, 24.516, 0.003, 0.486
7, 2450, 1.893, 20.937, 0.289, 0.228
7, 2550, 0.896, 14.837, 1.496, 0.237
7, 2650, 2.252, 18.731, 0.139, 0.166
7, 2750, 2.197, 34.365, 0.0, 0.2
7, 2850, 2.541, 19.658, 0.014, 0.161
7, 2950, 2.236, 18.909, 0.108, 0.158
8, 75, 1.55, 12.759, 1.691, 0.107
8, 175, 0.863, 13.476, 0.52, 0.524
8, 275, 1.224, 16.406, 0.676, 0.393
8, 375, 2.281, 25.216, 0.013, 0.198
8, 475, 1.841, 35.898, 0.0, 0.33
8, 575, 4.478, 32.389, 0.0, 0.02
8, 675, 1.969, 16.659, 0.165, 0.226
8, 775, 1.982, 21.901, 0.031, 0.4
8, 875, 1.803, 23.535, 0.602, 0.281
8, 975, 2.256, 14.974, 0.546, 0.08
8, 1075, 2.658, 20.203, 0.029, 0.174
8, 1175, 2.586, 22.608, 0.0, 0.194
8, 1275, 2.164, 22.118, 0.369, 0.23
8, 1375, 1.61, 17.434, 0.209, 0.245
8, 1475, 2.629, 20.002, 0.029, 0.68
8, 1575, 2.42, 27.307, 0.0, 0.162
8, 1675, 1.841, 16.895, 0.516, 0.346
8, 1775, 1.196, 14.514, 0.726, 0.516
8, 1875, 2.473, 36.834, 0.0, 0.149
8, 1975, 0.825, 15.011, 1.045, 0.354
8, 2075, 1.426, 22.125, 0.003, 0.908
8, 2175, 2.623, 22.939, 0.117, 0.184
8, 2275, 2.166, 17.692, 0.101, 0.203
8, 2375, 1.551, 27.551, 0.003, 0.411
8, 2475, 1.716, 25.515, 0.09, 0.658
8, 2575, 2.298, 24.369, 0.002, 0.174
8, 2675, 3.815, 26.963, 0.003, 0.033
8, 2775, 1.682, 22.182, 0.003, 0.562
8, 2875, 2.753, 21.779, 0.096, 0.098
8, 2975, 0.9, 16.924, 1.553, 0.193
9, 100, 2.376, 22.338, 0.081, 0.19
9, 200, 2.339, 17.958, 0.114, 0.169
9, 300, 2.148, 17.761, 0.029, 0.233
9, 400, 3.245, 20.357, 0.008, 0.049
9, 500, 1.155, 15.38, 0.927, 0.285
9, 600, 1.667, 26.967, 0.0, 0.77
9, 700, 1.325, 20.738, 0.947, 0.261
9, 800, 1.813, 25.722, 0.295, 0.174
9, 900, 1.87, 23.946, 0.018, 0.462
9, 1000, 1.964, 15.53, 1.002, 0.085
9, 1100, 1.714, 15.883, 0.077, 0.286
9, 1200, 2.017, 25.156, 0.001, 0.383
9, 1300, 1.842, 21.418, 0.101, 0.28
9, 1400, 2.447, 24.28, 0.001, 0.179
9, 1500, 1.478, 15.467, 1.512, 0.193
9, 1600, 1.425, 15.132, 0.549, 0.592
9, 1700, 1.534, 22.894, 0.005, 0.494
9, 1800, 2.478, 17.805, 0.453, 0.081
9, 1900, 1.955, 21.611, 0.035, 0.307
9, 2000, 2.811, 16.166, 0.01, 0.105
9, 2100, 1.991, 27.729, 0.0, 1.37
9, 2200, 1.285, 21.654, 0.254, 0.749
9, 2300, 1.652, 26.352, 0.0, 0.362
9, 2400, 2.9, 21.457, 0.016, 0.077
9, 2500, 2.207, 18.868, 0.126, 0.165
9, 2600, 2.845, 21.239, 0.467, 0.094
9, 2700, 1.262, 20.314, 0.143, 0.876
9, 2800, 1.974, 18.195, 0.232, 0.226
9, 2900, 2.205, 26.501, 0.0, 0.885
10, 25, 1.073, 18.068, 0.828, 0.3
10, 125, 1.239, 25.921, 0.785, 0.612
10, 225, 1.917, 21.141, 0.029, 0.318
10, 325, 1.773, 17.146, 3.615, 0.118
10, 425, 1.948, 28.853, 0.0, 0.238
10, 525, 1.875, 31.515, 0.001, 0.464
10, 625, 2.12, 32.753, 0.0, 0.327
10, 725, 2.578, 14.152, 0.871, 0.06
10, 825, 1.34, 18.957, 0.288, 0.354
10, 925, 2.302, 30.156, 0.0, 0.115
10, 1025, 1.594, 20.313, 0.06, 0.878
10, 1125, 1.571, 17.454, 0.35, 0.53
10, 1225, 2.331, 28.868, 0.002, 0.678
10, 1325, 1.77, 28.315, 0.0, 0.85
10, 1425, 1.782, 17.877, 0.929, 0.127
10, 1525, 1.798, 18.717, 0.518, 0.166
10, 1625, 2.222, 13.784, 3.125, 0.06
10, 1725, 1.957, 12.786, 0.065, 0.215
10, 1825, 0.685, 16.759, 1.118, 0.588
10, 1925, 1.912, 15.906, 0.257, 0.089
10, 2025, 1.904, 14.434, 0.527, 0.117
10, 2125, 1.01, 17.937, 0.821, 0.37
10, 2225, 1.836, 13.273, 0.531, 0.133
10, 2325, 3.022, 19.211, 0.276, 0.044
10, 2425, 1.521, 12.484, 1.726, 0.09
10, 2525, 2.292, 17.421, 0.967, 0.07
10, 2625, 1.467, 22.962, 0.028, 0.439
10, 2725, 1.293, 19.99, 0.572, 0.184
10, 2825, 1.207, 15.231, 0.389, 0.925
10, 2925, 2.647, 21.916, 0.37, 0.083
11, 50, 1.537, 22.912, 0.003, 0.61
11, 150, 1.274, 22.334, 1.504, 0.67
11, 250, 0.953, 15.062, 1.511, 0.322
11, 350, 1.489, 20.644, 0.809, 0.192
11, 450, 1.814, 17.889, 0.052, 0.239
11, 550, 4.188, 25.052, 0.011, 0.02
11, 650, 2.183, 19.947, 0.185, 0.169
11, 750, 1.608, 19.998, 0.002, 0.804
11, 850, 1.035, 14.132, 1.744, 0.294
11, 950, 1.758, 27.496, 0.001, 0.213
11, 1050, 2.559, 31.814, 0.0, 0.165
11, 1150, 1.06, 15.867, 0.133, 0.887
11, 1250, 2.484, 23.015, 0.002, 0.15
11, 1350, 2.573, 18.528, 0.066, 0.119
11, 1450, 2.509, 20.016, 1.086, 0.044
11, 1550, 1.752, 22.141, 0.047, 0.285
11, 1650, 1.066, 25.407, 0.046, 0.527
11, 1750, 1.565, 15.603, 1.314, 0.187
11, 1850, 0.804, 15.151, 1.28, 1.575
11, 1950, 2.598, 36.005, 0.0, 2.198
11, 2050, 1.93, 28.537, 0.0, 0.334
11, 2150, 1.469, 28.977, 0.001, 0.622
11, 2250, 1.834, 15.681, 0.718, 0.103
11, 2350, 1.75, 23.708, 0.02, 0.313
11, 2450, 2.377, 16.847, 0.43, 0.094
11, 2550, 1.569, 18.346, 0.664, 0.176
11, 2650, 2.489, 27.838, 0.0, 0.161
11, 2750, 3.138, 16.861, 0.068, 0.074
11, 2850, 2.336, 20.181, 0.002, 0.187
11, 2950, 2.361, 20.28, 0.018, 0.24
12, 75, 2.375, 18.808, 0.032, 0.084
12, 175, 3.938, 17.906, 0.111, 0.019
12, 275, 1.69, 14.981, 1.401, 0.13
12, 375, 1.531, 36.125, 0.0, 0.441
12, 475, 1.345, 13.489, 0.711, 0.253
12, 575, 1.454, 16.436, 1.77, 0.168
12, 675, 1.745, 17.623, 0.155, 0.197
12, 775, 1.778, 25.602, 0.536, 0.218
12, 875, 1.804, 16.962, 0.498, 0.163
12, 975, 1.897, 26.303, 0.619, 0.159
12, 1075, 3.09, 26.16, 0.0, 0.055
12, 1175, 1.71, 15.013, 0.87, 0.153
12, 1275, 2.55, 21.745, 0.001, 0.137
12, 1375, 1.558, 16.499, 0.119, 0.219
12, 1475, 1.431, 23.394, 0.326, 0.262
12, 1575, 2.987, 25.642, 0.012, 0.102
12, 1675, 1.443, 16.212, 1.76, 0.147
12, 1775, 2.946, 24.531, 0.812, 0.062
12, 1875, 2.009, 30.117, 0.0, 0.262
12, 1975, 1.37, 17.395, 0.186, 0.379
12, 2075, 1.943, 26.66, 0.0, 0.187
12, 2175, 0.897, 18.652, 0.672, 0.341
12, 2275, 3.41, 19.501, 0.242, 0.038
12, 2375, 1.299, 20.733, 0.244, 0.373
12, 2475, 2.045, 17.877, 0.006, 0.266
12, 2575, 1.035, 11.275, 1.095, 0.496
12, 2675, 1.499, 22.159, 0.008, 0.537
12, 2775, 2.516, 18.351, 0.076, 0.255
12, 2875, 3.151, 30.701, 0.0, 0.082
12, 2975, 1.777, 13.849, 1.1, 0.088
13, 100, 0.99, 17.645, 0.036, 0.543
13, 200, 1.748, 19.476, 0.235, 0.334
13, 300, 3.092, 29.457, 0.0, 0.06
13, 400, 1.967, 27.001, 0.011, 0.377
13, 500, 1.985, 20.613, 0.0, 0.308
13, 600, 2.395, 24.836, 0.0, 0.111
13, 700, 1.28, 18.137, 2.99, 0.256
13, 800, 1.4, 27.762, 0.0, 0.784
13, 900, 2.372, 18.355, 0.277, 0.134
13, 1000, 1.396, 15.813, 0.472, 0.348
13, 1100, 2.462, 20.614, 0.001, 0.137
13, 1200, 2.131, 23.48, 0.0, 0.223
13, 1300, 1.262, 13.254, 0.4, 0.336
13, 1400, 2.088, 14.078, 0.129, 0.204
13, 1500, 1.149, 13.225, 1.198, 0.205
13, 1600, 1.235, 18.249, 0.231, 0.894
13, 1700, 1.561, 15.857, 0.181, 0.376
13, 1800, 2.635, 21.487, 0.015, 0.13
13, 1900, 2.178, 12.815, 0.234, 0.158
13, 2000, 1.906, 19.381, 0.016, 0.218
13, 2100, 2.316, 24.836, 0.002, 0.223
13, 2200, 1.435, 16.411, 0.616, 0.351
13, 2300, 2.018, 14.68, 1.378, 0.075
13, 2400, 1.845, 22.219, 0.013, 0.529
13, 2500, 1.619, 16.007, 0.021, 0.478
13, 2600, 1.506, 18.652, 0.003, 1.043
13, 2700, 2.392, 22.815, 0.741, 0.073
13, 2800, 1.765, 15.087, 1.303, 0.097
13, 2900, 0.855, 16.511, 1.016, 0.395
14, 25, 1.194, 29.701, 0.0, 0.437
14, 125, 1.787, 23.734, 0.139, 0.374
14, 225, 2.734, 29.77, 0.001, 0.17
14, 325, 2.701, 28.204, 0.0, 0.116
14, 425, 1.145, 17.332, 1.608, 0.333
14, 525, 2.333, 16.272, 1.906, 0.074
14, 625, 2.526, 23.504, 0.002, 0.158
14, 725, 1.187, 26.908, 0.884, 1.251
14, 825, 1.898, 15.506, 1.288, 0.107
14, 925, 1.106, 13.273, 0.559, 0.76
14, 1025, 3.198, 19.082, 0.144, 0.049
14, 1125, 2.618, 23.343, 0.826, 0.047
14, 1225, 3.352, 15.81, 0.511, 0.032
14, 1325, 0.931, 13.233, 2.591, 0.471
14, 1425, 1.657, 21.148, 0.0, 0.599
14, 1525, 2.481, 26.525, 0.0, 0.189
14, 1625, 2.799, 27.046, 0.016, 0.11
14, 1725, 2.032, 16.108, 0.25, 0.192
14, 1825, 1.838, 22.988, 0.001, 0.403
14, 1925, 1.105, 17.073, 0.832, 0.213
14, 2025, 1.911, 20.873, 0.008, 0.452
14, 2125, 1.175, 14.272, 0.815, 0.29
14, 2225, 1.525, 16.647, 0.033, 0.494
14, 2325, 1.729, 26.853, 0.0, 0.309
14, 2425, 2.897, 18.975, 0.158, 0.065
14, 2525, 2.74, 22.09, 0.004, 0.107
14, 2625, 2.527, 16.016, 0.318, 0.116
14, 2725, 2.586, 35.489, 0.0, 0.134
14, 2825, 2.277, 19.867, 0.016, 0.159
14, 2925, 2.628, 38.151, 0.0, 0.092
15, 50, 1.679, 16.607, 0.654, 0.245
15, 150, 2.064, 22.391, 0.008, 0.176
15, 250, 1.822, 26.55, 0.0, 0.204
15, 350, 0.768, 16.032, 1.277, 0.465
15, 450, 1.466, 23.204, 0.13, 0.408
15, 550, 2.195, 21.56, 0.174, 0.128
15, 650, 1.435, 15.016, 0.211, 0.241
15, 750, 1.953, 15.592, 0.264, 0.233
15, 850, 1.625, 30.036, 0.0, 0.543
15, 950, 2.52, 18.663, 0.14, 0.14
15, 1050, 1.508, 22.588, 0.001, 0.585
15, 1150, 1.556, 26.85, 0.0, 0.429
15, 1250, 1.404, 13.326, 0.484, 0.284
15, 1350, 1.49, 14.749, 0.77, 0.228
15, 1450, 1.674, 21.066, 0.101, 0.454
15, 1550, 1.571, 19.735, 0.015, 1.898
15, 1650, 3.041, 20.847, 0.081, 0.085
15, 1750, 1.74, 17.302, 0.082, 0.669
15, 1850, 2.646, 17.412, 0.313, 0.075
15, 1950, 3.443, 32.81, 0.0, 0.067
15, 2050, 2.921, 16.229, 1.263, 0.03
15, 2150, 1.94, 27.041, 0.003, 0.202
15, 2250, 1.911, 25.391, 0.116, 1.033
15, 2350, 0.999, 15.748, 1.476, 0.34
15, 2450, 1.173, 22.522, 0.028, 1.672
15, 2550, 2.18, 24.016, 0.02, 0.352
15, 2650, 2.235, 19.533, 0.014, 0.178
15, 2750, 2.06, 25.157, 0.011, 0.195
15, 2850, 1.601, 15.569, 0.019, 0.619
15, 2950, 2.451, 20.962, 0.219, 0.083
16, 75, 2.276, 16.442, 0.209, 0.148
16, 175, 3.495, 24.284, 0.1, 0.03
16, 275, 1.774, 19.555, 0.286, 0.277
16, 375, 1.98, 26.514, 0.001, 0.442
16, 475, 1.238, 13.41, 0.502, 0.417
16, 575, 0.875, 12.346, 1.544, 0.248
16, 675, 3.093, 20.578, 0.08, 0.063
16, 775, 1.989, 19.708, 0.01, 0.266
16, 875, 2.183, 18.965, 0.004, 0.392
16, 975, 1.479, 13.133, 0.057, 1.171
16, 1075, 2.268, 35.733, 0.0, 0.15
16, 1175, 2.029, 20.254, 0.184, 0.178
16, 1275, 2.012, 28.004, 0.014, 0.18
16, 1375, 1.503, 11.679, 0.764, 0.232
16, 1475, 3.089, 26.691, 0.001, 0.061
16, 1575, 2.406, 17.063, 0.363, 0.082
16, 1675, 1.962, 19.266, 0.464, 0.096
16, 1775, 2.214, 19.737, 0.002, 0.29
16, 1875, 0.563, 22.697, 2.086, 0.237
16, 1975, 1.986, 18.888, 0.021, 0.208
16, 2075, 0.508, 12.457, 1.024, 3.028
16, 2175, 1.706, 22.429, 0.004, 0.281
16, 2275, 1.343, 19.372, 0.113, 0.569
16, 2375, 1.551, 24.716, 0.0, 0.399
16, 2475, 0.954, 15.234, 0.705, 0.341
16, 2575, 3.24, 28.718, 0.0, 0.063
16, 2675, 1.606, 27.475, 0.0, 0.602
16, 2775, 1.583, 22.928, 0.032, 0.529
16, 2875, 2.013, 26.16, 0.068, 0.227
16, 2975, 1.112, 16.528, 0.177, 0.614
17, 100, 1.821, 20.848, 0.417, 0.25
17, 200, 1.032, 18.467, 0.324, 0.703
17, 300, 2.099, 20.544, 0.03, 0.362
17, 400, 2.098, 14.584, 2.553, 0.057
17, 500, 1.93, 20.895, 0.38, 0.154
17, 600, 1.062, 15.246, 0.6, 0.433
17, 700, 1.413, 18.335, 0.064, 0.516
17, 800, 1.798, 14.75, 0.075, 0.255
17, 900, 0.838, 18.049, 0.783, 0.516
17, 1000, 1.64, 16.017, 0.416, 0.176
17, 1100, 2.331, 25.662, 0.011, 0.319
17, 1200, 0.896, 13.37, 1.473, 0.269
17, 1300, 1.636, 18.763, 1.36, 0.106
17, 1400, 1.271, 18.52, 0.896, 0.235
17, 1500, 2.094, 23.15, 0.072, 0.201
17, 1600, 2.16, 27.932, 0.324, 0.147
17, 1700, 2.487, 30.269, 0.0, 0.114
17, 1800, 1.421, 14.761, 0.732, 0.295
17, 1900, 2.788, 25.398, 0.0, 0.109
17, 2000, 1.334, 13.67, 1.83, 0.128
17, 2100, 2.769, 20.287, 0.046, 0.102
17, 2200, 0.754, 16.196, 0.505, 0.818
17, 2300, 2.036, 20.882, 0.01, 0.204
17, 2400, 1.9, 34.505, 0.0, 0.287
17, 2500, 2.514, 17.66, 0.566, 0.055
17, 2600, 2.114, 22.802, 0.172, 0.206
17, 2700, 2.501, 20.009, 0.004, 0.127
17, 2800, 1.983, 34.056, 0.001, 0.233
17, 2900, 3.15, 22.299, 0.006, 0.072
18, 25, 1.774, 15.771, 0.059, 0.277
18, 125, 2.7, 22.587, 0.0, 0.108
18, 225, 2.224, 17.024, 1.111, 0.071
18, 325, 1.431, 16.098, 0.854, 0.139
18, 425, 1.352, 16.379, 0.461, 0.291
18, 525, 1.274, 21.11, 0.0, 0.952
18, 625, 1.197, 11.834, 1.489, 0.241
18, 725, 1.518, 15.026, 0.686, 0.349
18, 825, 1.691, 24.812, 1.101, 0.192
18, 925, 2.572, 30.599, 0.001, 0.22
18, 1025, 2.599, 20.31, 0.038, 0.113
18, 1125, 1.809, 18.522, 1.231, 0.075
18, 1225, 0.987, 17.883, 0.943, 0.416
18, 1325, 1.412, 12.662, 1.327, 0.161
18, 1425, 1.46, 22.407, 0.627, 0.36
18, 1525, 2.616, 34.809, 0.0, 0.082
18, 1625, 2.982, 24.079, 0.016, 0.182
18, 1725, 1.765, 16.903, 1.2, 0.057
18, 1825, 1.659, 16.164, 0.124, 0.279
18, 1925, 2.206, 19.18, 0.006, 0.234
18, 2025, 1.8, 22.91, 0.004, 0.463
18, 2125, 1.143, 26.386, 0.0, 1.655
18, 2225, 2.459, 16.707, 0.435, 0.079
18, 2325, 1.6, 24.348, 0.052, 0.35
18, 2425, 1.848, 19.815, 1.944, 0.123
18, 2525, 1.813, 20.545, 0.002, 0.382
18, 2625, 1.652, 18.717, 0.228, 0.299
18, 2725, 1.919, 18.662, 0.422, 0.247
18, 2825, 1.349, 15.491, 0.191, 0.473
18, 2925, 1.609, 17.338, 0.971, 0.212
19, 50, 2.485, 30.625, 0.0, 0.158
19, 150, 1.198, 15.115, 0.166, 0.416
19, 250, 1.449, 14.014, 3.092, 0.145
19, 350, 1.913, 24.338, 0.202, 0.717
19, 450, 2.066, 27.846, 0.0, 0.193
19, 550, 1.384, 14.186, 0.121, 1.257
19, 650, 1.086, 13.792, 1.046, 0.24
19, 750, 1.255, 17.411, 1.28, 0.177
19, 850, 1.768, 13.746, 2.604, 0.084
19, 950, 1.789, 20.921, 0.01, 0.723
19, 1050, 2.843, 15.834, 1.5, 0.037
19, 1150, 2.504, 15.185, 0.596, 0.1
19, 1250, 1.398, 27.354, 0.373, 0.388
19, 1350, 2.313, 13.53, 1.985, 0.068
19, 1450, 2.688, 19.324, 0.311, 0.08
19, 1550, 0.781, 18.852, 1.938, 0.782
19, 1650, 2.354, 17.366, 1.644, 0.056
19, 1750, 1.223, 15.884, 0.176, 0.529
19, 1850, 1.217, 13.368, 1.264, 0.214
19, 1950, 2.363, 26.985, 0.0, 0.153
19, 2050, 3.04, 19.598, 0.006, 0.076
19, 2150, 1.113, 21.746, 2.401, 0.299
19, 2250, 2.13, 17.041, 0.112, 0.181
19, 2350, 1.772, 14.821, 0.359, 0.218
19, 2450, 1.659, 26.417, 0.065, 0.378
19, 2550, 2.668, 24.978, 0.0, 0.222
19, 2650, 2.261, 15.322, 0.048, 0.269
19, 2750, 2.378, 13.368, 0.099, 0.156
19, 2850, 2.115, 27.566, 0.0, 0.299
19, 2950, 1.499, 16.017, 0.372, 0.202
20, 75, 2.685, 15.153, 0.178, 0.089
20, 175, 1.033, 14.561, 0.432, 0.525
20, 275, 1.727, 26.447, 0.067, 0.457
20, 375, 2.715, 23.65, 0.002, 0.134
20, 475, 2.337, 17.483, 0.017, 0.303
20, 575, 2.784, 18.574, 0.316, 0.069
20, 675, 2.839, 21.601, 0.005, 0.108
20, 775, 2.347, 23.502, 0.421, 0.116
20, 875, 1.38, 13.92, 0.102, 0.601
20, 975, 2.231, 18.454, 0.01, 0.196
20, 1075, 2.355, 23.82, 0.001, 0.286
20, 1175, 1.441, 18.457, 0.51, 0.207
20, 1275, 3.166, 25.613, 0.004, 0.062
20, 1375, 1.911, 21.457, 0.222, 0.259
20, 1475, 1.815, 18.418, 0.02, 0.402
20, 1575, 1.935, 29.645, 0.0, 0.355
20, 1675, 2.676, 29.019, 0.0, 0.661
20, 1775, 2.655, 29.612, 0.0, 0.142
20, 1875, 2.635, 26.329, 0.004, 0.13
20, 1975, 2.071, 20.939, 0.841, 0.085
20, 2075, 3.031, 28.33, 0.341, 0.055
20, 2175, 1.674, 16.314, 0.031, 0.601
20, 2275, 0.785, 13.182, 2.051, 0.44
20, 2375, 2.458, 30.642, 0.0, 0.288
20, 2475, 1.837, 13.558, 0.218, 0.234
20, 2575, 2.234, 15.94, 0.066, 0.165
20, 2675, 2.241, 17.108, 0.593, 0.078
20, 2775, 0.781, 13.663, 1.826, 0.58
20, 2875, 1.703, 12.814, 1.761, 0.069
20, 2975, 2.29, 26.547, 0.003, 0.287
21, 100, 1.025, 17.175, 0.207, 0.829
21, 200, 1.806, 22.945, 0.182, 0.234
21, 300, 1.98, 36.548, 0.001, 0.305
21, 400, 1.887, 21.696, 0.001, 0.468
21, 500, 2.247, 20.983, 0.0, 0.187
21, 600, 0.843, 17.881, 1.157, 0.569
21, 700, 2.075, 24.323, 0.024, 0.224
21, 800, 1.603, 18.729, 0.04, 0.405
21, 900, 2.837, 17.438, 0.054, 0.103
21, 1000, 2.131, 33.971, 0.0, 0.521
21, 1100, 1.795, 17.174, 0.526, 0.17
21, 1200, 2.126, 21.859, 0.011, 0.278
21, 1300, 2.838, 26.267, 0.0, 0.136
21, 1400, 3.534, 21.751, 0.008, 0.047
21, 1500, 1.596, 24.337, 0.068, 0.483
21, 1600, 2.556, 14.563, 0.025, 0.147
21, 1700, 1.78, 28.589, 0.001, 0.356
21, 1800, 1.495, 16.056, 0.348, 0.425
21, 1900, 2.372, 23.866, 0.002, 0.197
21, 2000, 1.756, 14.874, 0.038, 1.115
21, 2100, 1.907, 16.795, 1.062, 0.073
21, 2200, 1.3, 18.197, 0.271, 0.424
21, 2300, 1.521, 12.68, 0.207, 0.418
21, 2400, 0.917, 14.453, 1.065, 0.623
21, 2500, 2.523, 21.05, 0.02, 0.2
21, 2600, 2.215, 26.467, 0.094, 0.199
21, 2700, 1.241, 38.645, 0.0, 0.995
21, 2800, 2.316, 21.736, 0.029, 0.36
21, 2900, 2.059, 17.809, 0.019, 0.282
22, 25, 2.324, 22.561, 0.001, 0.185
22, 125, 1.017, 13.431, 0.394, 1.16
22, 225, 2.136, 22.079, 0.089, 0.253
22, 325, 1.523, 20.016, 0.051, 0.453
22, 425, 2.374, 13.731, 1.017, 0.094
22, 525, 2.659, 17.837, 0.594, 0.071
22, 625, 2.172, 29.809, 0.0, 0.158
22, 725, 1.1, 19.06, 1.119, 0.597
22, 825, 2.602, 25.844, 0.459, 0.072
22, 925, 1.52, 21.371, 0.037, 0.851
22, 1025, 1.986, 17.985, 0.276, 0.239
22, 1125, 0.902, 14.951, 0.913, 0.433
22, 1225, 2.141, 17.442, 0.072, 0.257
22, 1325, 0.944, 21.319, 1.617, 0.473
22, 1425, 1.641, 19.906, 0.015, 0.356
22, 1525, 1.322, 15.625, 0.414, 0.215
22, 1625, 1.9, 21.043, 0.032, 0.211
22, 1725, 3.751, 30.168, 0.005, 0.035
22, 1825, 1.862, 14.799, 1.732, 0.13
22, 1925, 2.014, 24.396, 0.3, 0.222
22, 2025, 1.033, 13.632, 1.184, 0.469
22, 2125, 1.751, 16.111, 0.148, 0.567
22, 2225, 1.515, 19.506, 0.02, 1.303
22, 2325, 2.579, 26.612, 0.002, 0.137
22, 2425, 0.558, 16.133, 0.627, 0.76
22, 2525, 1.443, 14.062, 1.151, 0.256
22, 2625, 2.259, 23.063, 0.071, 0.139
22, 2725, 1.129, 21.706, 0.863, 2.034
22, 2825, 1.883, 22.774, 0.041, 0.248
22, 2925, 2.45, 25.559, 0.001, 0.225
23, 50, 1.77, 15.529, 0.005, 0.442
23, 150, 1.987, 17.06, 1.514, 0.096
23, 250, 3.01, 19.88, 0.074, 0.072
23, 350, 1.169, 17.259, 0.105, 1.135
23, 450, 1.502, 20.285, 0.001, 0.456
23, 550, 2.455, 19.291, 0.094, 0.157
23, 650, 2.473, 25.186, 0.042, 0.131
23, 750, 2.051, 34.292, 0.0, 0.27
23, 850, 1.859, 17.518, 1.898, 0.067
23, 950, 1.721, 22.318, 0.074, 1.062
23, 1050, 1.987, 20.49, 0.001, 0.254
23, 1150, 1.806, 18.163, 0.062, 0.39
23, 1250, 1.375, 20.847, 0.015, 0.678
23, 1350, 2.516, 25.256, 0.0, 0.148
23, 1450, 2.105, 21.341, 0.008, 0.328
23, 1550, 1.863, 27.175, 0.601, 0.281
23, 1650, 1.636, 15.555, 1.567, 0.135
23, 1750, 1.754, 16.072, 0.04, 0.32
23, 1850, 2.126, 13.422, 0.518, 0.07
23, 1950, 1.933, 22.441, 0.007, 0.852
23, 2050, 1.338, 19.629, 0.217, 0.655
23, 2150, 1.307, 21.487, 0.005, 0.689
23, 2250, 2.058, 20.636, 0.023, 0.32
23, 2350, 1.732, 30.906, 0.0, 0.689
23, 2450, 1.56, 17.13, 0.349, 0.496
23, 2550, 1.921, 16.27, 0.138, 0.318
23, 2650, 1.977, 22.215, 1.771, 0.101
23, 2750, 1.016, 12.996, 1.126, 0.269
23, 2850, 2.111, 19.642, 0.164, 0.171
23, 2950, 1.705, 16.705, 0.058, 0.34
24, 75, 1.414, 24.545, 0.005, 1.175
24, 175, 2.789, 26.977, 0.005, 0.096
24, 275, 1.423, 18.304, 0.069, 0.841
24, 375, 2.038, 16.134, 0.324, 0.226
24, 475, 1.193, 15.283, 1.196, 0.172
24, 575, 3.147, 29.461, 0.0, 0.054
24, 675, 2.024, 14.258, 1.868, 0.077
24, 775, 1.724, 13.859, 0.389, 0.174
24, 875, 3.083, 22.97, 0.005, 0.069
24, 975, 2.114, 19.44, 1.578, 0.061
24, 1075, 2.689, 24.242, 0.107, 0.111
24, 1175, 1.304, 15.729, 0.276, 0.418
24, 1275, 2.646, 18.619, 0.001, 0.118
24, 1375, 2.74, 18.056, 0.208, 0.09
24, 1475, 1.261, 14.377, 1.514, 0.162
24, 1575, 3.146, 29.495, 0.0, 0.072
24, 1675, 1.94, 15.683, 0.016, 0.637
24, 1775, 2.257, 20.275, 1.339, 0.118
24, 1875, 1.964, 22.527, 0.0, 0.645
24, 1975, 2.07, 30.575, 0.0, 0.257
24, 2075, 3.916, 32.951, 0.001, 0.041
24, 2175, 2.519, 31.299, 0.0, 0.198
24, 2275, 2.214, 21.05, 0.062, 0.158
24, 2375, 1.343, 17.78, 0.508, 0.584
24, 2475, 1.661, 14.244, 0.234, 0.508
24, 2575, 0.7, 16.188, 0.629, 0.461
24, 2675, 1.711, 27.048, 0.001, 0.458
24, 2775, 1.924, 29.568, 0.001, 0.257
24, 2875, 1.269, 23.085, 0.0, 0.992
24, 2975, 1.998, 29.985, 0.0, 0.516
25, 100, 2.368, 16.757, 0.273, 0.123
25, 200, 2.263, 24.447, 0.0, 0.332
25, 300, 1.843, 14.225, 0.112, 0.274
25, 400, 2.106, 16.293, 1.004, 0.076
25, 500, 2.531, 32.933, 0.0, 0.124
25, 600, 1.775, 30.786, 0.056, 0.336
25, 700, 2.163, 16.732, 0.433, 0.114
25, 800, 2.125, 20.415, 0.011, 0.218
25, 900, 3.475, 22.266, 0.001, 0.059
25, 1000, 1.616, 8.597, 0.484, 0.194
25, 1100, 2.968, 31.64, 0.0, 0.079
25, 1200, 1.156, 10.965, 1.638, 0.207
25, 1300, 2.247, 15.397, 0.233, 0.255
25, 1400, 3.233, 22.166, 0.1, 0.068
25, 1500, 1.982, 23.712, 0.185, 0.208
25, 1600, 1.333, 14.063, 1.433, 0.235
25, 1700, 2.13, 19.845, 0.022, 0.38
25, 1800, 0.809, 14.607, 0.515, 1.399
25, 1900, 1.369, 25.364, 0.0, 0.707
25, 2000, 3.464, 22.554, 0.019, 0.064
25, 2100, 1.719, 18.395, 0.006, 1.03
25, 2200, 1.222, 19.129, 0.211, 0.617
25, 2300, 1.844, 27.386, 0.001, 0.381
25, 2400, 3.771, 23.033, 0.079, 0.045
25, 2500, 1.324, 16.62, 0.637, 0.25
25, 2600, 2.614, 14.9, 0.207, 0.091
25, 2700, 1.239, 19.089, 0.226, 0.741
25, 2800, 2.048, 16.238, 0.303, 0.163
25, 2900, 1.861, 13.535, 1.589, 0.156
26, 25, 1.859, 19.064, 0.642, 0.104
26, 125, 2.111, 43.4, 0.0, 0.541
26, 225, 1.498, 13.712, 0.63, 0.314
26, 325, 1.789, 14.17, 0.028, 0.558
26, 425, 1.814, 11.277, 0.898, 0.155
26, 525, 1.263, 13.665, 0.102, 1.206
26, 625, 2.277, 22.14, 0.452, 0.139
26, 725, 2.387, 26.745, 0.033, 0.279
26, 825, 2.357, 30.317, 0.0, 0.36
26, 925, 1.876, 16.179, 0.205, 0.187
26, 1025, 2.594, 25.346, 0.302, 0.122
26, 1125, 1.167, 16.647, 1.075, 0.312
26, 1225, 2.778, 32.051, 0.0, 0.129
26, 1325, 1.868, 17.38, 0.005, 0.312
26, 1425, 2.489, 21.589, 0.054, 0.16
26, 1525, 1.635, 28.124, 0.0, 0.314
26, 1625, 1.064, 11.822, 0.595, 0.774
26, 1725, 3.135, 18.358, 0.903, 0.047
26, 1825, 1.618, 15.662, 0.478, 0.177
26, 1925, 2.417, 17.7, 0.101, 0.126
26, 2025, 2.68, 23.052, 0.08, 0.128
26, 2125, 1.216, 24.592, 2.417, 0.256
26, 2225, 2.259, 17.57, 0.504, 0.112
26, 2325, 1.719, 17.06, 1.877, 0.052
26, 2425, 2.309, 21.407, 0.002, 0.166
26, 2525, 1.902, 24.986, 0.0, 0.264
26, 2625, 2.413, 28.031, 0.0, 0.49
26, 2725, 1.685, 17.203, 0.422, 1.256
26, 2825, 2.43, 20.039, 0.09, 0.169
26, 2925, 1.276, 19.152, 0.315, 0.671
27, 50, 2.455, 14.893, 0.945, 0.083
27, 150, 1.199, 10.334, 1.207, 0.134
27, 250, 1.493, 12.033, 1.069, 0.148
